GenericSensorType,15001,ObjectType
GenericSensorType_Output,15002,Variable
GenericSensorType_Output_Definition,15003,Variable
GenericSensorType_Output_ValuePrecision,15004,Variable
GenericSensorType_Output_InstrumentRange,15005,Variable
GenericSensorType_Output_EURange,15006,Variable
GenericSensorType_Output_EngineeringUnits,15007,Variable
GenericSensorType_Units,15008,Variable
GenericActuatorType,15009,ObjectType
GenericActuatorType_Input,15010,Variable
GenericActuatorType_Input_Definition,15011,Variable
GenericActuatorType_Input_ValuePrecision,15012,Variable
GenericActuatorType_Input_InstrumentRange,15013,Variable
GenericActuatorType_Input_EURange,15014,Variable
GenericActuatorType_Input_EngineeringUnits,15015,Variable
GenericActuatorType_Output,15016,Variable
GenericActuatorType_Output_Definition,15017,Variable
GenericActuatorType_Output_ValuePrecision,15018,Variable
GenericActuatorType_Output_InstrumentRange,15019,Variable
GenericActuatorType_Output_EURange,15020,Variable
GenericActuatorType_Output_EngineeringUnits,15021,Variable
GenericMotorType,15022,ObjectType
GenericMotorType_Speed,15023,Variable
GenericMotorType_Speed_Definition,15024,Variable
GenericMotorType_Speed_ValuePrecision,15025,Variable
GenericMotorType_Speed_InstrumentRange,15026,Variable
GenericMotorType_Speed_EURange,15027,Variable
GenericMotorType_Speed_EngineeringUnits,15028,Variable
LevelIndicatorType,15029,ObjectType
LevelIndicatorType_Output,15030,Variable
LevelIndicatorType_Output_Definition,15031,Variable
LevelIndicatorType_Output_ValuePrecision,15032,Variable
LevelIndicatorType_Output_InstrumentRange,15033,Variable
LevelIndicatorType_Output_EURange,15034,Variable
LevelIndicatorType_Output_EngineeringUnits,15035,Variable
LevelIndicatorType_Units,15036,Variable
LoadcellTransmitterType,15037,ObjectType
LoadcellTransmitterType_Output,15038,Variable
LoadcellTransmitterType_Output_Definition,15039,Variable
LoadcellTransmitterType_Output_ValuePrecision,15040,Variable
LoadcellTransmitterType_Output_InstrumentRange,15041,Variable
LoadcellTransmitterType_Output_EURange,15042,Variable
LoadcellTransmitterType_Output_EngineeringUnits,15043,Variable
LoadcellTransmitterType_Units,15044,Variable
LoadcellTransmitterType_ExcitationVoltage,15045,Variable
LoadcellTransmitterType_ExcitationVoltage_Definition,15046,Variable
LoadcellTransmitterType_ExcitationVoltage_ValuePrecision,15047,Variable
LoadcellTransmitterType_ExcitationVoltage_InstrumentRange,15048,Variable
LoadcellTransmitterType_ExcitationVoltage_EURange,15049,Variable
LoadcellTransmitterType_ExcitationVoltage_EngineeringUnits,15050,Variable
ValveType,15051,ObjectType
ValveType_Input,15052,Variable
ValveType_Input_Definition,15053,Variable
ValveType_Input_ValuePrecision,15054,Variable
ValveType_Input_InstrumentRange,15055,Variable
ValveType_Input_EURange,15056,Variable
ValveType_Input_EngineeringUnits,15057,Variable
ValveType_Output,15058,Variable
ValveType_Output_Definition,15059,Variable
ValveType_Output_ValuePrecision,15060,Variable
ValveType_Output_InstrumentRange,15061,Variable
ValveType_Output_EURange,15062,Variable
ValveType_Output_EngineeringUnits,15063,Variable
MixerMotorType,15064,ObjectType
MixerMotorType_Speed,15065,Variable
MixerMotorType_Speed_Definition,15066,Variable
MixerMotorType_Speed_ValuePrecision,15067,Variable
MixerMotorType_Speed_InstrumentRange,15068,Variable
MixerMotorType_Speed_EURange,15069,Variable
MixerMotorType_Speed_EngineeringUnits,15070,Variable
ConveyorMotorType,15071,ObjectType
ConveyorMotorType_Speed,15072,Variable
ConveyorMotorType_Speed_Definition,15073,Variable
ConveyorMotorType_Speed_ValuePrecision,15074,Variable
ConveyorMotorType_Speed_InstrumentRange,15075,Variable
ConveyorMotorType_Speed_EURange,15076,Variable
ConveyorMotorType_Speed_EngineeringUnits,15077,Variable
PlantSimulatorServerType,15078,ObjectType
PlantSimulatorServerType_PlantLevelIndicator,15079,Object
PlantSimulatorServerType_PlantLevelIndicator_Output,15080,Variable
PlantSimulatorServerType_PlantLevelIndicator_Output_Definition,15081,Variable
PlantSimulatorServerType_PlantLevelIndicator_Output_ValuePrecision,15082,Variable
PlantSimulatorServerType_PlantLevelIndicator_Output_InstrumentRange,15083,Variable
PlantSimulatorServerType_PlantLevelIndicator_Output_EURange,15084,Variable
PlantSimulatorServerType_PlantLevelIndicator_Output_EngineeringUnits,15085,Variable
PlantSimulatorServerType_PlantLevelIndicator_Units,15086,Variable
PlantSimulatorServerType_PlantDischargeValve,15087,Object
PlantSimulatorServerType_PlantDischargeValve_Input,15088,Variable
PlantSimulatorServerType_PlantDischargeValve_Input_Definition,15089,Variable
PlantSimulatorServerType_PlantDischargeValve_Input_ValuePrecision,15090,Variable
PlantSimulatorServerType_PlantDischargeValve_Input_InstrumentRange,15091,Variable
PlantSimulatorServerType_PlantDischargeValve_Input_EURange,15092,Variable
PlantSimulatorServerType_PlantDischargeValve_Input_EngineeringUnits,15093,Variable
PlantSimulatorServerType_PlantDischargeValve_Output,15094,Variable
PlantSimulatorServerType_PlantDischargeValve_Output_Definition,15095,Variable
PlantSimulatorServerType_PlantDischargeValve_Output_ValuePrecision,15096,Variable
PlantSimulatorServerType_PlantDischargeValve_Output_InstrumentRange,15097,Variable
PlantSimulatorServerType_PlantDischargeValve_Output_EURange,15098,Variable
PlantSimulatorServerType_PlantDischargeValve_Output_EngineeringUnits,15099,Variable
PackagingUnitType,15100,ObjectType
PackagingUnitType_PackagingUnitLevelIndicator,15101,Object
PackagingUnitType_PackagingUnitLevelIndicator_Output,15102,Variable
PackagingUnitType_PackagingUnitLevelIndicator_Output_Definition,15103,Variable
PackagingUnitType_PackagingUnitLevelIndicator_Output_ValuePrecision,15104,Variable
PackagingUnitType_PackagingUnitLevelIndicator_Output_InstrumentRange,15105,Variable
PackagingUnitType_PackagingUnitLevelIndicator_Output_EURange,15106,Variable
PackagingUnitType_PackagingUnitLevelIndicator_Output_EngineeringUnits,15107,Variable
PackagingUnitType_PackagingUnitLevelIndicator_Units,15108,Variable
PlantSimulatorServer1Type,15109,ObjectType
PlantSimulatorServer1Type_PlantSimulatorServer,15110,Object
PlantSimulatorServer1Type_PlantSimulatorServer_PlantLevelIndicator,15111,Object
PlantSimulatorServer1Type_PlantSimulatorServer_PlantLevelIndicator_Output,15112,Variable
PlantSimulatorServer1Type_PlantSimulatorServer_PlantLevelIndicator_Output_Definition,15113,Variable
PlantSimulatorServer1Type_PlantSimulatorServer_PlantLevelIndicator_Output_ValuePrecision,15114,Variable
PlantSimulatorServer1Type_PlantSimulatorServer_PlantLevelIndicator_Output_InstrumentRange,15115,Variable
PlantSimulatorServer1Type_PlantSimulatorServer_PlantLevelIndicator_Output_EURange,15116,Variable
PlantSimulatorServer1Type_PlantSimulatorServer_PlantLevelIndicator_Output_EngineeringUnits,15117,Variable
PlantSimulatorServer1Type_PlantSimulatorServer_PlantLevelIndicator_Units,15118,Variable
PlantSimulatorServer1Type_PlantSimulatorServer_PlantDischargeValve,15119,Object
PlantSimulatorServer1Type_PlantSimulatorServer_PlantDischargeValve_Input,15120,Variable
PlantSimulatorServer1Type_PlantSimulatorServer_PlantDischargeValve_Input_Definition,15121,Variable
PlantSimulatorServer1Type_PlantSimulatorServer_PlantDischargeValve_Input_ValuePrecision,15122,Variable
PlantSimulatorServer1Type_PlantSimulatorServer_PlantDischargeValve_Input_InstrumentRange,15123,Variable
PlantSimulatorServer1Type_PlantSimulatorServer_PlantDischargeValve_Input_EURange,15124,Variable
PlantSimulatorServer1Type_PlantSimulatorServer_PlantDischargeValve_Input_EngineeringUnits,15125,Variable
PlantSimulatorServer1Type_PlantSimulatorServer_PlantDischargeValve_Output,15126,Variable
PlantSimulatorServer1Type_PlantSimulatorServer_PlantDischargeValve_Output_Definition,15127,Variable
PlantSimulatorServer1Type_PlantSimulatorServer_PlantDischargeValve_Output_ValuePrecision,15128,Variable
PlantSimulatorServer1Type_PlantSimulatorServer_PlantDischargeValve_Output_InstrumentRange,15129,Variable
PlantSimulatorServer1Type_PlantSimulatorServer_PlantDischargeValve_Output_EURange,15130,Variable
PlantSimulatorServer1Type_PlantSimulatorServer_PlantDischargeValve_Output_EngineeringUnits,15131,Variable
PlantSimulatorServer1Type_PackagingUnit,15132,Object
PlantSimulatorServer1Type_PackagingUnit_PackagingUnitLevelIndicator,15133,Object
PlantSimulatorServer1Type_PackagingUnit_PackagingUnitLevelIndicator_Output,15134,Variable
PlantSimulatorServer1Type_PackagingUnit_PackagingUnitLevelIndicator_Output_Definition,15135,Variable
PlantSimulatorServer1Type_PackagingUnit_PackagingUnitLevelIndicator_Output_ValuePrecision,15136,Variable
PlantSimulatorServer1Type_PackagingUnit_PackagingUnitLevelIndicator_Output_InstrumentRange,15137,Variable
PlantSimulatorServer1Type_PackagingUnit_PackagingUnitLevelIndicator_Output_EURange,15138,Variable
PlantSimulatorServer1Type_PackagingUnit_PackagingUnitLevelIndicator_Output_EngineeringUnits,15139,Variable
PlantSimulatorServer1Type_PackagingUnit_PackagingUnitLevelIndicator_Units,15140,Variable
PlantSimulatorServer1Type_StartProcess,15141,Method
PlantSimulatorServer1Type_StopProcess,15142,Method
PlantSimulatorServer1,15143,Object
PlantSimulatorServer1_PlantSimulatorServer,15144,Object
PlantSimulatorServer1_PlantSimulatorServer_PlantLevelIndicator,15145,Object
PlantSimulatorServer1_PlantSimulatorServer_PlantLevelIndicator_Output,15146,Variable
PlantSimulatorServer1_PlantSimulatorServer_PlantLevelIndicator_Output_Definition,15147,Variable
PlantSimulatorServer1_PlantSimulatorServer_PlantLevelIndicator_Output_ValuePrecision,15148,Variable
PlantSimulatorServer1_PlantSimulatorServer_PlantLevelIndicator_Output_InstrumentRange,15149,Variable
PlantSimulatorServer1_PlantSimulatorServer_PlantLevelIndicator_Output_EURange,15150,Variable
PlantSimulatorServer1_PlantSimulatorServer_PlantLevelIndicator_Output_EngineeringUnits,15151,Variable
PlantSimulatorServer1_PlantSimulatorServer_PlantLevelIndicator_Units,15152,Variable
PlantSimulatorServer1_PlantSimulatorServer_PlantDischargeValve,15153,Object
PlantSimulatorServer1_PlantSimulatorServer_PlantDischargeValve_Input,15154,Variable
PlantSimulatorServer1_PlantSimulatorServer_PlantDischargeValve_Input_Definition,15155,Variable
PlantSimulatorServer1_PlantSimulatorServer_PlantDischargeValve_Input_ValuePrecision,15156,Variable
PlantSimulatorServer1_PlantSimulatorServer_PlantDischargeValve_Input_InstrumentRange,15157,Variable
PlantSimulatorServer1_PlantSimulatorServer_PlantDischargeValve_Input_EURange,15158,Variable
PlantSimulatorServer1_PlantSimulatorServer_PlantDischargeValve_Input_EngineeringUnits,15159,Variable
PlantSimulatorServer1_PlantSimulatorServer_PlantDischargeValve_Output,15160,Variable
PlantSimulatorServer1_PlantSimulatorServer_PlantDischargeValve_Output_Definition,15161,Variable
PlantSimulatorServer1_PlantSimulatorServer_PlantDischargeValve_Output_ValuePrecision,15162,Variable
PlantSimulatorServer1_PlantSimulatorServer_PlantDischargeValve_Output_InstrumentRange,15163,Variable
PlantSimulatorServer1_PlantSimulatorServer_PlantDischargeValve_Output_EURange,15164,Variable
PlantSimulatorServer1_PlantSimulatorServer_PlantDischargeValve_Output_EngineeringUnits,15165,Variable
PlantSimulatorServer1_PackagingUnit,15166,Object
PlantSimulatorServer1_PackagingUnit_PackagingUnitLevelIndicator,15167,Object
PlantSimulatorServer1_PackagingUnit_PackagingUnitLevelIndicator_Output,15168,Variable
PlantSimulatorServer1_PackagingUnit_PackagingUnitLevelIndicator_Output_Definition,15169,Variable
PlantSimulatorServer1_PackagingUnit_PackagingUnitLevelIndicator_Output_ValuePrecision,15170,Variable
PlantSimulatorServer1_PackagingUnit_PackagingUnitLevelIndicator_Output_InstrumentRange,15171,Variable
PlantSimulatorServer1_PackagingUnit_PackagingUnitLevelIndicator_Output_EURange,15172,Variable
PlantSimulatorServer1_PackagingUnit_PackagingUnitLevelIndicator_Output_EngineeringUnits,15173,Variable
PlantSimulatorServer1_PackagingUnit_PackagingUnitLevelIndicator_Units,15174,Variable
PlantSimulatorServer1_StartProcess,15175,Method
PlantSimulatorServer1_StopProcess,15176,Method
